INSERT INTO PESSOA 
	VALUES	(1,'Maurício Nakata'),
			(2,'Antenor Chagas'),
			(3,'Juliano Bezerra'),
			(4,'Sérgio Assis'),
			(5,'Breno Kanashiro'),
			(6,'Fábio Câmara'),
			(7,'Sílvio Flores'),
			(8,'Diego Medina'),
			(9,'Enrico Monteiro'),
			(10,'Raul Moreira'),
			(11,'Kléber Couto'),
			(12,'José Pacheco'),
			(13,'César Paz'),
			(14,'Thiago Tavares'),
			(15,'Romeu Cruz'),
			(16,'Mário Assunção'),
			(17,'Davi Maldonado'),
			(18,'Álvaro Carvalho'),
			(19,'Pedro Peres'),
			(20,'Reginaldo Vidal'),
			(21,'Manoel Nakata'),
			(22,'Murilo Gonçalves'),
			(23,'Pedro Nascimento'),
			(24,'Francisco Andrade'),
			(25,'Marcos Dutra'),
			(26,'Cristiano Nakata'),
			(27,'Hugo Gonçalves'),
			(28,'Danilo Salgado'),
			(29,'Otávio Paim'),
			(30,'Mário Carmo'),
			(31,'Arnoldo Flores'),
			(32,'Enrico Paim'),
			(33,'Eduardo Reis'),
			(34,'Arnaldo Pimentel'),
			(35,'Benedito Passos'),
			(36,'Elísio Oliveira'),
			(37,'Neto Lourenço'),
			(38,'Augusto Braz'),
			(39,'Nicolas Prestes'),
			(40,'Romeu Rios'),
			(41,'Edgar Carvalho'),
			(42,'Cauê Nunes'),
			(43,'Émerson Carmo'),
			(44,'Joaquim Magalhães'),
			(45,'Breno da Cruz'),
			(46,'Theo da Cruz'),
			(47,'Srta. Joana da Cunha'),
			(48,'Ana Sophia Moreira'),
			(49,'Mariane Costa'),
			(50,'Manuela Silveira'),
			(51,'Dr. Marcos Vinicius Martins'),
			(52,'Júlia Moreira'),
			(53,'Sra. Stephany Rodrigues'),
			(54,'Clara da Luz'),
			(55,'Davi Lucas da Costa'),
			(56,'Emanuel Castro'),
			(57,'Sophie Gonçalves'),
			(58,'Joana Campos'),
			(59,'Camila Ferreira'),
			(60,'Gabriela da Cunha'),
			(61,'Integral Médica Ltda.'),
			(62,'Max Titanium Ltda.'),
			(63,'Growth Suplementos Ltda.'),
			(64,'New Millen Ltda.'),
			(65,'Probiótica Ltda.'),
			(66,'FTW Fitoway Labs Ltda.'),
			(67,'Adaptogen Ltda.'),
			(68,'Dragon Pharma Ltda.'),
			(69,'Optimum Nutrition Ltda.'),
			(70,'Universal Nutrition Ltda.'),
			(71,'Dymatize Nutrition Ltda.'),
			(72,'3vs Nutrition'),
			(73,'Banana Brasil'),
			(74,'Demon Labs'),
			(75,'Jay Cutler Nutrition Ltda.'),
			(76,'Muscle Pharm'),
			(77,'Natureza'),
			(78,'Nutrify'),
			(79,'Nutri Ltda.'),
			(80,'TopTherm Ltda.');
			

INSERT INTO PESSOA_FISICA (FK_PESSOA_codigo, cpf)
	VALUES	(1,'256.246.196-56'),
			(2,'387.260.653-66'),
			(3,'341.800.533-16'),
			(4,'616.465.372-62'),
			(5,'145.545.574-40'),
			(6,'264.420.503-85'),
			(7,'472.697.785-21'),
			(8,'933.357.944-64'),
			(9,'592.209.662-96'),
			(10,'974.110.148-58'),
			(11,'549.237.391-40'),
			(12,'746.377.895-84'),
			(13,'222.340.906-86'),
			(14,'637.848.285-67'),
			(15,'278.838.638-84'),
			(16,'736.132.272-58'),
			(17,'793.647.813-75'),
			(18,'743.499.757-57'),
			(19,'916.452.771-46'),
			(20,'180.229.191-29'),
			(21,'953.865.179-82'),
			(22,'938.908.595-13'),
			(23,'768.858.391-15'),
			(24,'453.852.368-24'),
			(25,'221.987.844-15'),
			(26,'753.233.231-51'),
			(27,'616.330.360-37'),
			(28,'917.215.268-63'),
			(29,'898.403.489-15'),
			(30,'202.673.164-74'),
			(31,'772.397.762-95'),
			(32,'182.674.792-33'),
			(33,'859.331.771-74'),
			(34,'295.497.333-91'),
			(35,'709.640.275-93'),
			(36,'362.654.147-38'),
			(37,'106.406.491-37'),
			(38,'574.312.991-44'),
			(39,'123.384.950-13'),
			(40,'670.924.105-66'),
			(41,'831.127.381-85'),
			(42,'777.893.822-97'),
			(43,'485.421.448-66'),
			(44,'419.375.121-69'),
			(45,'900.511.733-49'),
			(46,'873.808.292-47'),
			(47,'867.557.985-16'),
			(48,'408.934.543-29'),
			(49,'543.537.270-26'),
			(50,'360.799.778-78'),
			(51,'492.631.235-19'),
			(52,'722.621.617-36'),
			(53,'771.369.459-32'),
			(54,'981.296.467-87'),
			(55,'842.843.295-82'),
			(56,'703.938.119-85'),
			(57,'839.299.896-48'),
			(58,'419.792.368-31'),
			(59,'805.191.962-10'),
			(60,'616.952.492-52');
	
INSERT INTO FUNCIONARIO
	VALUES	(1,'831.127.381-85',2769.00),
			(2,'777.893.822-97',4998.00),
			(3,'485.421.448-66',3426.00),
			(4,'419.375.121-69',3450.00),
			(5,'900.511.733-49',2362.00),
			(6,'873.808.292-47',3211.00),
			(7,'867.557.985-16',2642.00),
			(8,'408.934.543-29',4570.00),
			(9,'543.537.270-26',2400.00),
			(10,'360.799.778-78',4058.00),
			(11,'492.631.235-19',2868.00),
			(12,'722.621.617-36',4028.00),
			(13,'771.369.459-32',4221.00),
			(14,'981.296.467-87',4303.00),
			(15,'842.843.295-82',4518.00),
			(16,'703.938.119-85',2348.00),
			(17,'839.299.896-48',2908.00),
			(18,'419.792.368-31',4131.00),
			(19,'805.191.962-10',3110.00),
			(20,'616.952.492-52',3573.00);

INSERT INTO ENTREGADOR 
	VALUES	(1,'256.246.196-56',10280876074),
			(2,'387.260.653-66',46582660838),
			(3,'341.800.533-16',51495395888),
			(4,'616.465.372-62',54212742333),
			(5,'145.545.574-40',66514314313),
			(6,'264.420.503-85',86395773892),
			(7,'472.697.785-21',81744461976),
			(8,'933.357.944-64',75926350285),
			(9,'592.209.662-96',86363785677),
			(10,'974.110.148-58',92341672002),
			(11,'549.237.391-40',91362255538),
			(12,'746.377.895-84',20479333024),
			(13,'222.340.906-86',35988281470),
			(14,'637.848.285-67',25822714122),
			(15,'278.838.638-84',19379758424),
			(16,'736.132.272-58',22238952645),
			(17,'793.647.813-75',98065118877),
			(18,'743.499.757-57',11914332673),
			(19,'916.452.771-46',62100866953),
			(20,'180.229.191-29',45507536617);

INSERT INTO CLIENTE
	VALUES	(1,'953.865.179-82','2021-06-24'),
			(2,'938.908.595-13','2021-09-09'),
			(3,'768.858.391-15','2021-06-04'),
			(4,'453.852.368-24','2021-07-02'),
			(5,'221.987.844-15','2021-07-22'),
			(6,'753.233.231-51','2021-07-05'),
			(7,'616.330.360-37','2021-07-03'),
			(8,'917.215.268-63','2021-10-21'),
			(9,'898.403.489-15','2021-01-04'),
			(10,'202.673.164-74','2021-03-17'),
			(11,'772.397.762-95','2021-04-10'),
			(12,'182.674.792-33','2021-05-11'),
			(13,'859.331.771-74','2021-10-17'),
			(14,'295.497.333-91','2021-03-17'),
			(15,'709.640.275-93','2021-02-22'),
			(16,'362.654.147-38','2021-11-12'),
			(17,'106.406.491-37','2021-11-04'),
			(18,'574.312.991-44','2021-11-22'),
			(19,'123.384.950-13','2021-01-29'),
			(20,'670.924.105-66','2021-09-27');

			
INSERT INTO PESSOA_JURIDICA
	VALUES	(1,'89.554.172/3771-71',6),
			(2,'67.880.456/7141-86',62),
			(3,'87.112.990/0043-68',63),
			(4,'16.367.882/9786-75',64),
			(5,'50.303.540/5197-50',65),
			(6,'12.650.212/7038-33',66),
			(7,'98.783.525/0185-36',67),
			(8,'45.190.403/4697-32',68),
			(9,'56.928.367/0668-75',69),
			(10,'52.791.428/9086-69',70),
			(11,'57.762.973/1853-85',71),
			(12,'66.448.233/4427-60',72),
			(13,'33.589.574/8694-41',73),
			(14,'35.723.824/1708-36',74),
			(15,'58.661.602/6995-76',75),
			(16,'79.737.426/5207-91',76),
			(17,'66.403.756/4266-26',77),
			(18,'95.251.846/8257-65',78),
			(19,'34.996.255/8789-91',79),
			(20,'16.364.932/1796-24',80);
	
INSERT INTO CONTATO
	VALUES	(1,1,'email','mauricionakata@gmail.com'),
			(2,2,'email','antenorchagas@outlook.com'),
			(3,3,'email','julianobezerra@hotmail.com'),
			(4,4,'email','sergioassis@outlook.com'),
			(5,5,'email','brenokanashiro@hotmail.com'),
			(6,6,'email','fabiocamara@outlook.com'),
			(7,7,'email','silvioflores@hotmail.com'),
			(8,8,'email','diegomedina@gmail.com'),
			(9,9,'email','enricomonteiro@hotmail.com'),
			(10,10,'email','raulmoreira@hotmail.com'),
			(11,11,'email','klebercouto@outlook.com'),
			(12,12,'email','josepacheco@gmail.com'),
			(13,13,'email','cesarpaz@outlook.com'),
			(14,14,'email','thiagotavares@outlook.com'),
			(15,15,'email','romeucruz@gmail.com'),
			(16,16,'email','marioassuncao@gmail.com'),
			(17,17,'email','davimaldonado@outlook.com'),
			(18,18,'email','alvarocarvalho@hotmail.com'),
			(19,19,'email','pedroperes@gmail.com'),
			(20,20,'email','reginaldovidal@outlook.com'),
			(21,21,'email','manoelnakata@hotmail.com'),
			(22,22,'email','murilogoncalves@outlook.com'),
			(23,23,'email','pedronascimento@outlook.com'),
			(24,24,'email','franciscoandrade@gmail.com'),
			(25,25,'email','marcosdutra@gmail.com'),
			(26,26,'email','cristianonakata@outlook.com'),
			(27,27,'email','hugogoncalves@gmail.com'),
			(28,28,'email','danilosalgado@outlook.com'),
			(29,29,'email','otaviopaim@hotmail.com'),
			(30,30,'email','mariocarmo@gmail.com'),
			(31,31,'email','arnoldoflores@hotmail.com'),
			(32,32,'email','enricopaim@hotmail.com'),
			(33,33,'email','eduardoreis@outlook.com'),
			(34,34,'email','arnaldopimentel@gmail.com'),
			(35,35,'email','beneditopassos@hotmail.com'),
			(36,36,'email','elisiooliveira@outlook.com'),
			(37,37,'email','netolourenco@hotmail.com'),
			(38,38,'email','augustobraz@gmail.com'),
			(39,39,'email','nicolasprestes@hotmail.com'),
			(40,40,'email','romeurios@hotmail.com'),
			(41,41,'email','edgarcarvalho@hotmail.com'),
			(42,42,'email','cauenunes@hotmail.com'),
			(43,43,'email','emersoncarmo@hotmail.com'),
			(44,44,'email','joaquimmagalhaes@outlook.com'),
			(45,45,'email','murilosaraiva@gmail.com'),
			(46,46,'email','robertosimoes@gmail.com'),
			(47,47,'email','leonardocastilho@outlook.com'),
			(48,48,'email','mateuscunha@gmail.com'),
			(49,49,'email','erasmogomes@gmail.com'),
			(50,50,'email','geraldosa@gmail.com'),
			(51,1,'telefone','(53)97662-1168'),
			(52,2,'telefone','(96)92372-1999'),
			(53,3,'telefone','(79)92933-1904'),
			(54,4,'telefone','(93)99855-4325'),
			(55,5,'telefone','(18)92864-7422'),
			(56,6,'telefone','(87)98497-7094'),
			(57,7,'telefone','(88)93500-5073'),
			(58,8,'telefone','(25)96498-6988'),
			(59,9,'telefone','(22)93655-9314'),
			(60,10,'telefone','(37)95950-7528'),
			(61,11,'telefone','(26)92079-2540'),
			(62,12,'telefone','(73)92566-2977'),
			(63,13,'telefone','(38)99044-7209'),
			(64,14,'telefone','(70)99691-5050'),
			(65,15,'telefone','(78)95406-5154'),
			(66,16,'telefone','(13)92786-7877'),
			(67,17,'telefone','(63)92811-1616'),
			(68,18,'telefone','(55)91376-3072'),
			(69,19,'telefone','(17)91718-6196'),
			(70,20,'telefone','(35)91520-5050'),
			(71,21,'telefone','(60)92021-2029'),
			(72,22,'telefone','(39)91708-3330'),
			(73,23,'telefone','(52)93703-6851'),
			(74,24,'telefone','(28)94348-7806'),
			(75,25,'telefone','(20)98740-9430'),
			(76,26,'telefone','(69)99240-4225'),
			(77,27,'telefone','(65)97659-3696'),
			(78,28,'telefone','(35)94556-9499'),
			(79,29,'telefone','(15)96611-7780'),
			(80,30,'telefone','(92)97955-1978'),
			(81,31,'telefone','(54)99870-9128'),
			(82,32,'telefone','(68)99145-9625'),
			(83,33,'telefone','(92)93432-3805'),
			(84,34,'telefone','(83)93097-1072'),
			(85,35,'telefone','(15)97103-3647'),
			(86,36,'telefone','(56)95428-5577'),
			(87,37,'telefone','(42)98529-4721'),
			(88,38,'telefone','(35)99104-2636'),
			(89,39,'telefone','(65)92421-2136'),
			(90,40,'telefone','(33)93549-3236'),
			(91,41,'telefone','(82)91618-2707'),
			(92,42,'telefone','(88)93788-7133'),
			(93,43,'telefone','(49)98860-5780'),
			(94,44,'telefone','(13)94555-7408'),
			(95,45,'telefone','(69)97520-3444'),
			(96,46,'telefone','(21)99271-2247'),
			(97,47,'telefone','(42)93125-7603'),
			(98,48,'telefone','(63)93550-8766'),
			(99,49,'telefone','(33)93320-8766'),
			(100,50,'telefone','(30)96066-4960');

INSERT INTO ENDERECO VALUES
			(1,'29215-670','ES','Guarapari','Pontal de Santa Mônica','Rua','Rua das Fragatas',1450,'',1),
			(2,'59122-498','RN','Natal','Redinha','Travessa','Travessa Construtor Severino Bezerra',839,'',2),
			(3,'59076-665','RN','Natal','Lagoa Nova','Travessa','Travessa Ministro Macedo Soares',526,'',3),
			(4,'40315-360','BA','Salvador','Pau Miúdo','Rua','Rua Madalena Paraguassu',5173,'',4),
			(5,'69311-054','RR','Boa Vista','Cauamé','Rua','Rua França',5959,'',5),
			(6,'21831-335','RJ','Rio de Janeiro','Senador Camará','Rua','Rua Mário da Fonseca',2797,'',6),
			(7,'49065-050','SE','Aracaju','Industrial','Rua','Rua Altamira',2526,'',7),
			(8,'59074-774','RN','Natal','Guarapes','Rua','Rua Maria Eugênia do Rosário',4346,'',8),
			(9,'69015-455','AM','Manaus','Colônia Terra Nova','Rua','Rua Timbaúba',8024,'',9),
			(10,'69316-318','RR','Boa Vista','Operário','Rua','Rua OP-XXXI',6297,'',10),
			(11,'57602-380','AL','Palmeira dos Índios','São Francisco','Rua','Rua Doutor Miguel Lopes',7698,'',11),
			(12,'64065-160','PI','Teresina','Pedra Mole','Rua','Rua Cancão',5464,'(Vl Avião)',12),
			(13,'74924-060','GO','Aparecida de Goiânia','Vale do Sol','Rua','Rua 6',7265,'',13),
			(14,'91420-410','RS','Porto Alegre','Bom Jesus','Rua','Rua Doutor Sinval Saldanha',9715,'',14),
			(15,'40230-091','BA','Salvador','Federação','Rua','Rua Garibaldi',3223,'',15),
			(16,'49088-416','SE','Aracaju','Lamarão','Rua','Rua E',7291,'(Jd Lamarão)',16),
			(17,'58046-070','PB','João Pessoa','Altiplano Cabo Branco','Rua','Rua Olívia de Farias Gabino',3243,'',17),
			(18,'76804-212','RO','Porto Velho','Santa Bárbara','Rua','Rua Bolívia',7052,'de 497/498 a 820/821',18),
			(19,'78558-424','MT','Sinop','Loteamento Alto da Glória','Rua','Rua Cinco',6990,'',19),
			(20,'71827-610','DF','Brasília','Riacho Fundo I','Chácara','Chácara 17',7578,'(Colônia Agrícola Sucupira)',20);
		
INSERT INTO PRODUTO
	VALUES		(1, 100.00, 'Whey protein'),
			(2, 110.00, 'Creatina'),
			(3, 160.00, 'Albumina'),
			(4, 40.00, 'BCAA'),
			(5, 30.00, 'Arginina'),
			(6, 50.00, 'Glutamina'),
			(7, 100.00, 'Hiper-calórico'),
			(8, 30.00, 'Multivitamínico'),
			(9, 80.00, 'Soy protein'),
			(10, 75.00, 'Rice protein'),
			(11, 60.00, 'Beta alanina'),
			(12, 45.00, 'Pré-treino'),
			(13, 20.00, 'Barra de cereal proteica'),
			(14, 80.00, 'Ômega3 TopTherm'),
			(15, 130.00, 'Eletroliticos'),
			(16, 100.00, 'Maltodextrina'),
			(17, 110.00, 'Suco detox 1L'),
			(18, 180.00, 'Termogênicos'),
			(19, 110.00, 'Óxido nítrico'),
			(20, 190.00, 'ZMA');

INSERT INTO PEDIDO
	VALUES	(1,'2022-11-10','PIX',1),
			(2,'2022-11-11','TED',2),
			(3,'2022-11-13','Crédito',3),
			(4,'2022-11-14','Débito',4),
			(5,'2022-11-15','PIX',5),
			(6,'2022-11-16','Crédito',6),
			(7,'2022-11-17','Débito',7),
			(8,'2022-11-18','PIX',8),
			(9,'2022-11-19','PIX',9),
			(10,'2022-11-20','Crédito',10),
			(11,'2022-11-21','Débito',11),
			(12,'2022-11-22','PIX',12),
			(13,'2022-11-22','TED',13),
			(14,'2022-11-23','Crédito',14),
			(15,'2022-11-23','Débito',15),
			(16,'2022-11-24','PIX',16),
			(17,'2022-11-25','TED',17),
			(18,'2022-11-26','Crédito',18),
			(19,'2022-11-27','Débito',19),
			(20,'2022-11-27','PIX',20),
			(21,'2022-11-28','Crédito',1),
			(23,'2022-11-28','Crédito',2),
			(22,'2022-11-26','Crédito',3),
			(24,'2022-11-28','Crédito',4),
			(25,'2022-11-28','Crédito',5),
			(26,'2022-11-28','Crédito',6),
			(27,'2022-11-29','Débito',7),
			(28,'2022-11-29','Débito',8),
			(29,'2022-11-29','Débito',9),
			(30,'2022-11-30','PIX',10),
			(31,'2022-12-01','TED',11),
			(32,'2022-12-02','PIX',12),
			(33,'2022-12-03','TED',13),
			(34,'2022-12-04','TED',14),
			(35,'2022-12-05','TED',15),
			(36,'2022-12-06','Crédito',16),
			(37,'2022-12-07','Crédito',17),
			(38,'2022-12-08','PIX',18),
			(39,'2022-12-09','PIX',19),
			(40,'2022-12-010','PIX',20),
			(41,'2022-12-011','TED',1),
			(42,'2022-12-012','TED',2),
			(43,'2022-12-013','Débito',3),
			(44,'2022-12-014','PIX',4),
			(45,'2022-12-015','TED',5),
			(46,'2022-12-016','Débito',6),
			(47,'2022-12-017','Débito',7),
			(48,'2022-12-018','PIX',8),
			(49,'2022-12-019','PIX',9),
			(50,'2022-12-020','Crédito',10);
			
INSERT INTO CONTEM
	VALUES	(1,1,10),
			(2,2,2),
			(3,1,2),
			(4,3,5),
			(5,4,1),
			(6,5,3),
			(7,6,4),
			(8,7,7),
			(9,8,12),
			(10,9,1),
			(11,10,3),
			(12,11,2),
			(13,12,12),
			(14,1,1),
			(15,2,3),
			(16,4,2),
			(17,9,10),
			(18,12,8),
			(19,2,1),
			(20,6,2),
			(21,7,3),
			(22,8,4),
			(23,11,6),
			(24,4,6),
			(25,12,2),
			(26,2,3),
			(27,11,3),
			(28,5,2),
			(29,8,2),
			(30,12,3),
			(31,10,13),
			(32,5,10),
			(33,17,9),
			(34,9,15),
			(35,3,15),
			(36,16,3),
			(37,9,14),
			(38,17,17),
			(39,15,18),
			(40,14,2),
			(41,6,8),
			(42,9,9),
			(43,4,14),
			(44,10,19),
			(45,16,15),
			(46,16,11),
			(47,10,2),
			(48,8,2),
			(49,6,1),
			(50,12,14),
			(16,4,10),
			(29,14,15),
			(36,16,7),
			(18,19,18),
			(2,2,1),
			(46,16,18),
			(38,5,11),
			(10,11,10),
			(24,19,9),
			(29,7,4),
			(12,3,8),
			(36,4,17),
			(12,7,18),
			(48,19,11),
			(12,8,19),
			(4,3,17),
			(4,7,12),
			(23,17,9),
			(26,15,15),
			(31,2,6),
			(30,11,13),
			(25,4,14),
			(14,9,19),
			(46,9,2),
			(34,14,18),
			(32,6,15),
			(1,7,14),
			(16,11,9),
			(20,10,1),
			(35,16,2),
			(6,13,10),
			(9,12,7),
			(35,15,11),
			(2,19,16),
			(48,8,17),
			(44,7,5),
			(12,11,4),
			(45,5,2),
			(18,13,17),
			(18,19,12),
			(14,11,3),
			(49,15,4),
			(18,17,9),
			(44,16,17),
			(35,6,1),
			(47,1,5),
			(33,16,19),
			(9,17,6),
			(35,9,11),
			(39,13,7);
			
INSERT INTO VEICULO
	VALUES	('MTY-0049','Moto','Honda CG 160 Start'),
			('MPS-9854','Moto','Honda CG 160 Fan'),
			('WPS-9854','Moto','Honda CG 160 Titan'),
			('MPS-5343','Moto','Honda CG 160 Cargo'),
			('WGS-9424','Moto','Honda Pop 110i'),
			('GFS-4324','Moto','Honda Forza 350'),
			('GSR-3422','Moto','Honda Biz 125'),
			('KLM-9534','Moto','Honda CB 250F Twister'),
			('FAM-9344','Moto','Honda CB 500F'),
			('LAL-4254','Moto','Honda X-ADV'),
			('MRK-0512','Carro','Fiat Fiorino Furgão 1.0 1995'),
			('MTG-1606','Carro','Fiat Strada Freedom 1.3 CP	'),
			('MST-5576','Carro','Chevrolet Montana Sport 1.8 (Flex) 2007'),
			('GSE-9854','Carro','Volkswagen Gol Power'),
			('KNN-3421','Carro','Volkswagen Polo Comfortline'),
			('FAF-4421','Carro','Peugeot 206 Caline 2007'),
			('GFS-4664','Carro','Volkswagen Kombi 2010'),
			('MQY-3052','Carro','Tesla Cybertruck'),
			('LKL-3527','Caminhão','Mercedes-benz L1113 1977'),
			('MOX-0112','Caminhão','Volkswagen Constellation 24.280');			
			
INSERT INTO FORNECE 
	VALUES	(1,1,83.00),
			(2,10,96.00),
			(3,9,92.00),
			(4,2,57.00),
			(5,3,34.00),
			(6,8,69.00),
			(7,5,16.00),
			(8,6,29.00),
			(9,5,76.00),
			(10,11,84.00),
			(11,1,21.00),
			(12,9,14.00),
			(13,3,22.00),
			(14,5,80.00),
			(15,7,52.00),
			(16,8,66.00),
			(17,3,25.00),
			(18,3,27.00),
			(19,10,49.00),
			(20,4,89.00),
			(1,4,35.00),
			(2,9,57.00),
			(3,2,9.00),
			(4,9,89.00),
			(5,2,26.00),
			(6,1,20.00),
			(7,5,48.00),
			(8,6,66.00),
			(9,4,97.00),
			(10,4,10.00),
			(11,5,29.00),
			(12,8,54.00),
			(13,4,72.00),
			(14,10,54.00),
			(15,9,42.00),
			(16,10,30.00),
			(17,2,70.00),
			(18,3,44.00),
			(19,11,25.00),
			(20,4,62.00),
			(1,8,30.00),
			(2,3,41.00),
			(3,10,26.00),
			(4,1,72.00),
			(5,5,55.00),
			(6,9,99.00),
			(7,9,15.00),
			(8,5,44.00),
			(9,11,41.00),
			(10,10,74.00),
			(11,11,17.00),
			(12,6,72.00),
			(20,4,98.00),
			(19,6,65.00),
			(14,8,81.00),
			(17,4,89.00),
			(14,1,74.00),
			(15,4,7.00),
			(13,8,25.00),
			(15,8,50.00);
		
INSERT INTO RESERVA
	VALUES	(1,1),
			(2,2),
			(3,3),
			(4,4),
			(5,5),
			(6,6),
			(7,7),
			(8,8),
			(9,9),
			(10,10),
			(11,11),
			(12,12),
			(13,13),
			(14,14),
			(15,15),
			(16,16),
			(17,17),
			(18,18),
			(19,19),
			(20,20),
			(1,21),
			(5,22),
			(1,23),
			(11,24),
			(8,25),
			(12,26),
			(1,27),
			(5,28),
			(9,29),
			(14,30),
			(4,31),
			(1,32),
			(17,33),
			(4,34),
			(13,35),
			(17,36),
			(7,37),
			(15,38),
			(19,39),
			(9,40),
			(6,41),
			(10,42),
			(16,43),
			(15,44),
			(18,45),
			(4,46),
			(12,47),
			(17,48),
			(11,49),
			(16,50),
			(14,2),
			(19,43),
			(3,33),
			(5,28),
			(18,43),
			(2,20),
			(8,9),
			(13,40),
			(15,14),
			(4,30);

INSERT INTO ENTREGA (FK_PEDIDO_CODIGO, FK_VEICULO_placa, FK_entregador_codigo)
	VALUES	(1,'MTY-0049',1),
			(2,'MPS-9854',2),
			(3,'WPS-9854',3),
			(4,'MPS-5343',4),
			(5,'WGS-9424',5),
			(6,'GFS-4324',6),
			(7,'GSR-3422',7),
			(8,'KLM-9534',8),
			(9,'FAM-9344',9),
			(10,'LAL-4254',10),
			(11,'GSE-9854',11),
			(12,'KNN-3421',12),
			(13,'FAF-4421',13),
			(14,'LKL-3527',14),
			(15,'GFS-4664',15),
			(16,'MTY-0049',16),
			(17,'MPS-9854',17),
			(18,'WPS-9854',18),
			(19,'MPS-5343',19),
			(20,'WGS-9424',20),
			(21,'GFS-4324',1),
			(22,'GSR-3422',2),
			(23,'KLM-9534',3),
			(24,'FAM-9344',4),
			(25,'LAL-4254',5),
			(26,'GSE-9854',6),
			(27,'KNN-3421',7),
			(28,'FAF-4421',8),
			(29,'LKL-3527',9),
			(30,'GFS-4664',10);
