DROP TABLE IF EXISTS PESSOA, CONTATO, PESSOA_FISICA, PESSOA_JURIDICA, ENDERECO, CONTEM, PEDIDO, PRODUTO, VEICULO, UTILIZA, FORNECE, RESERVA CASCADE;

CREATE TABLE PESSOA (
	codigo INTEGER PRIMARY KEY, 
	nome VARCHAR(300)
);

CREATE TABLE CONTATO (
	codigo INTEGER PRIMARY KEY, 
	FK_PESSOA_codigo INTEGER REFERENCES PESSOA(codigo), 
	tipo VARCHAR(100), 
	contato VARCHAR(300)
);

CREATE TABLE PESSOA_FISICA (
	cpf CHAR(18) PRIMARY KEY,
	FK_PESSOA_codigo INTEGER REFERENCES PESSOA(codigo)
);

CREATE TABLE PESSOA_JURIDICA (
	cnpj VARCHAR(18) PRIMARY KEY,
	FK_PESSOA_codigo INTEGER REFERENCES PESSOA(codigo)
);

CREATE TABLE ENDERECO (
	codigo INTEGER PRIMARY KEY,
	cep CHAR(9),
	uf VARCHAR(19),
	cidade VARCHAR(80),
	bairro VARCHAR(100),
	tipo_logradouro VARCHAR(20),
	logradouro VARCHAR(200),
	numero_imovel INTEGER,
	complemento VARCHAR(255),
	FK_PESSOA_FISICA_cpf CHAR(18) REFERENCES PESSOA_FISICA(cpf)
);

CREATE TABLE PEDIDO (
	codigo INTEGER PRIMARY KEY,
	dt_compra DATE,
	metodo_pagamento VARCHAR(50),
	FK_PESSOA_FISICA_cpf CHAR(18) REFERENCES PESSOA_FISICA(cpf)
);

CREATE TABLE PRODUTO (
	codigo INTEGER PRIMARY KEY,
	preco_venda FLOAT,
	preco_compra FLOAT,
	nome VARCHAR(200)
);

CREATE TABLE VEICULO (
	placa CHAR(8) PRIMARY KEY,
	tipo_veiculo VARCHAR(50),
	veiculo VARCHAR(80)
);

CREATE TABLE UTILIZA (
	FK_PESSOA_FISICA_cpf CHAR(18) REFERENCES PESSOA_FISICA(cpf),
	FK_VEICULO_placa CHAR(8) REFERENCES VEICULO(placa)
);

CREATE TABLE FORNECE (
	FK_PRODUTO_codigo INTEGER REFERENCES PRODUTO(codigo),
	FK_PESSOA_JURIDICA_cnpj CHAR(18) REFERENCES PESSOA_JURIDICA(cnpj)
);

CREATE TABLE CONTEM (
	FK_PEDIDO_codigo INTEGER REFERENCES PEDIDO(codigo),
	FK_PRODUTO_codigo INTEGER REFERENCES PRODUTO(codigo),
	qtd INTEGER
);

CREATE TABLE RESERVA (
	FK_PESSOA_FISICA_cpf CHAR(18) REFERENCES PESSOA_FISICA(cpf),
	FK_PEDIDO_codigo INTEGER REFERENCES PEDIDO(codigo)
);

INSERT INTO PESSOA 
	VALUES	(1,'Maurício Nakata'),
			(2,'Antenor Chagas'),
			(3,'Juliano Bezerra'),
			(4,'Sérgio Assis'),
			(5,'Breno Kanashiro'),
			(6,'Fábio Câmara'),
			(7,'Sílvio Flores'),
			(8,'Diego Medina'),
			(9,'Enrico Monteiro'),
			(10,'Raul Moreira'),
			(11,'Kléber Couto'),
			(12,'José Pacheco'),
			(13,'César Paz'),
			(14,'Thiago Tavares'),
			(15,'Romeu Cruz'),
			(16,'Mário Assunção'),
			(17,'Davi Maldonado'),
			(18,'Álvaro Carvalho'),
			(19,'Pedro Peres'),
			(20,'Reginaldo Vidal'),
			(21,'Manoel Nakata'),
			(22,'Murilo Gonçalves'),
			(23,'Pedro Nascimento'),
			(24,'Francisco Andrade'),
			(25,'Marcos Dutra'),
			(26,'Cristiano Nakata'),
			(27,'Hugo Gonçalves'),
			(28,'Danilo Salgado'),
			(29,'Otávio Paim'),
			(30,'Mário Carmo'),
			(31,'Arnoldo Flores'),
			(32,'Enrico Paim'),
			(33,'Eduardo Reis'),
			(34,'Arnaldo Pimentel'),
			(35,'Benedito Passos'),
			(36,'Elísio Oliveira'),
			(37,'Neto Lourenço'),
			(38,'Augusto Braz'),
			(39,'Nicolas Prestes'),
			(40,'Romeu Rios'),
			(41,'Edgar Carvalho'),
			(42,'Cauê Nunes'),
			(43,'Émerson Carmo'),
			(44,'Joaquim Magalhães'),
			(45,'Integral Médica Ltda.'),
			(46,'Max Titanium Ltda.'),
			(47,'Growth Suplementos Ltda.'),
			(48,'New Millen Ltda.'),
			(49,'Probiótica Ltda.'),
			(50,'FTW Fitoway Labs Ltda.');

INSERT INTO PESSOA_FISICA (FK_PESSOA_codigo, cpf)
	VALUES	(1,'256.246.196-56'),
			(2,'387.260.653-66'),
			(3,'341.800.533-16'),
			(4,'616.465.372-62'),
			(5,'145.545.574-40'),
			(6,'264.420.503-85'),
			(7,'472.697.785-21'),
			(8,'933.357.944-64'),
			(9,'592.209.662-96'),
			(10,'974.110.148-58'),
			(11,'549.237.391-40'),
			(12,'746.377.895-84'),
			(13,'222.340.906-86'),
			(14,'637.848.285-67'),
			(15,'278.838.638-84'),
			(16,'736.132.272-58'),
			(17,'793.647.813-75'),
			(18,'743.499.757-57'),
			(19,'916.452.771-46'),
			(20,'180.229.191-29'),
			(21,'953.865.179-82'),
			(22,'938.908.595-13'),
			(23,'768.858.391-15'),
			(24,'453.852.368-24'),
			(25,'221.987.844-15'),
			(26,'753.233.231-51'),
			(27,'616.330.360-37'),
			(28,'917.215.268-63'),
			(29,'898.403.489-15'),
			(30,'202.673.164-74'),
			(31,'772.397.762-95'),
			(32,'182.674.792-33'),
			(33,'859.331.771-74'),
			(34,'295.497.333-91'),
			(35,'709.640.275-93'),
			(36,'362.654.147-38'),
			(37,'106.406.491-37'),
			(38,'574.312.991-44'),
			(39,'123.384.950-13'),
			(40,'670.924.105-66'),
			(41,'831.127.381-85'),
			(42,'777.893.822-97'),
			(43,'485.421.448-66'),
			(44,'419.375.121-69');
			
INSERT INTO PESSOA_JURIDICA
	VALUES	('49.298.713/0001-72',45),
			('00.135.210/0001-97',46),
			('67.688.971/0001-47',47),
			('54.863.192/0001-99',48),
			('63.157.069/0001-43',49),
			('67.179.100/0001-06',50);
	
INSERT INTO CONTATO
	VALUES	(1,1,'email','mauricionakata@gmail.com'),
			(2,2,'email','antenorchagas@outlook.com'),
			(3,3,'email','julianobezerra@hotmail.com'),
			(4,4,'email','sergioassis@outlook.com'),
			(5,5,'email','brenokanashiro@hotmail.com'),
			(6,6,'email','fabiocamara@outlook.com'),
			(7,7,'email','silvioflores@hotmail.com'),
			(8,8,'email','diegomedina@gmail.com'),
			(9,9,'email','enricomonteiro@hotmail.com'),
			(10,10,'email','raulmoreira@hotmail.com'),
			(11,11,'email','klebercouto@outlook.com'),
			(12,12,'email','josepacheco@gmail.com'),
			(13,13,'email','cesarpaz@outlook.com'),
			(14,14,'email','thiagotavares@outlook.com'),
			(15,15,'email','romeucruz@gmail.com'),
			(16,16,'email','marioassuncao@gmail.com'),
			(17,17,'email','davimaldonado@outlook.com'),
			(18,18,'email','alvarocarvalho@hotmail.com'),
			(19,19,'email','pedroperes@gmail.com'),
			(20,20,'email','reginaldovidal@outlook.com'),
			(21,21,'email','manoelnakata@hotmail.com'),
			(22,22,'email','murilogoncalves@outlook.com'),
			(23,23,'email','pedronascimento@outlook.com'),
			(24,24,'email','franciscoandrade@gmail.com'),
			(25,25,'email','marcosdutra@gmail.com'),
			(26,26,'email','cristianonakata@outlook.com'),
			(27,27,'email','hugogoncalves@gmail.com'),
			(28,28,'email','danilosalgado@outlook.com'),
			(29,29,'email','otaviopaim@hotmail.com'),
			(30,30,'email','mariocarmo@gmail.com'),
			(31,31,'email','arnoldoflores@hotmail.com'),
			(32,32,'email','enricopaim@hotmail.com'),
			(33,33,'email','eduardoreis@outlook.com'),
			(34,34,'email','arnaldopimentel@gmail.com'),
			(35,35,'email','beneditopassos@hotmail.com'),
			(36,36,'email','elisiooliveira@outlook.com'),
			(37,37,'email','netolourenco@hotmail.com'),
			(38,38,'email','augustobraz@gmail.com'),
			(39,39,'email','nicolasprestes@hotmail.com'),
			(40,40,'email','romeurios@hotmail.com'),
			(41,41,'email','edgarcarvalho@hotmail.com'),
			(42,42,'email','cauenunes@hotmail.com'),
			(43,43,'email','emersoncarmo@hotmail.com'),
			(44,44,'email','joaquimmagalhaes@outlook.com'),
			(45,45,'email','murilosaraiva@gmail.com'),
			(46,46,'email','robertosimoes@gmail.com'),
			(47,47,'email','leonardocastilho@outlook.com'),
			(48,48,'email','mateuscunha@gmail.com'),
			(49,49,'email','erasmogomes@gmail.com'),
			(50,50,'email','geraldosa@gmail.com'),
			(51,1,'telefone','(53)97662-1168'),
			(52,2,'telefone','(96)92372-1999'),
			(53,3,'telefone','(79)92933-1904'),
			(54,4,'telefone','(93)99855-4325'),
			(55,5,'telefone','(18)92864-7422'),
			(56,6,'telefone','(87)98497-7094'),
			(57,7,'telefone','(88)93500-5073'),
			(58,8,'telefone','(25)96498-6988'),
			(59,9,'telefone','(22)93655-9314'),
			(60,10,'telefone','(37)95950-7528'),
			(61,11,'telefone','(26)92079-2540'),
			(62,12,'telefone','(73)92566-2977'),
			(63,13,'telefone','(38)99044-7209'),
			(64,14,'telefone','(70)99691-5050'),
			(65,15,'telefone','(78)95406-5154'),
			(66,16,'telefone','(13)92786-7877'),
			(67,17,'telefone','(63)92811-1616'),
			(68,18,'telefone','(55)91376-3072'),
			(69,19,'telefone','(17)91718-6196'),
			(70,20,'telefone','(35)91520-5050'),
			(71,21,'telefone','(60)92021-2029'),
			(72,22,'telefone','(39)91708-3330'),
			(73,23,'telefone','(52)93703-6851'),
			(74,24,'telefone','(28)94348-7806'),
			(75,25,'telefone','(20)98740-9430'),
			(76,26,'telefone','(69)99240-4225'),
			(77,27,'telefone','(65)97659-3696'),
			(78,28,'telefone','(35)94556-9499'),
			(79,29,'telefone','(15)96611-7780'),
			(80,30,'telefone','(92)97955-1978'),
			(81,31,'telefone','(54)99870-9128'),
			(82,32,'telefone','(68)99145-9625'),
			(83,33,'telefone','(92)93432-3805'),
			(84,34,'telefone','(83)93097-1072'),
			(85,35,'telefone','(15)97103-3647'),
			(86,36,'telefone','(56)95428-5577'),
			(87,37,'telefone','(42)98529-4721'),
			(88,38,'telefone','(35)99104-2636'),
			(89,39,'telefone','(65)92421-2136'),
			(90,40,'telefone','(33)93549-3236'),
			(91,41,'telefone','(82)91618-2707'),
			(92,42,'telefone','(88)93788-7133'),
			(93,43,'telefone','(49)98860-5780'),
			(94,44,'telefone','(13)94555-7408'),
			(95,45,'telefone','(69)97520-3444'),
			(96,46,'telefone','(21)99271-2247'),
			(97,47,'telefone','(42)93125-7603'),
			(98,48,'telefone','(63)93550-8766'),
			(99,49,'telefone','(33)93320-8766'),
			(100,50,'telefone','(30)96066-4960');

INSERT INTO ENDERECO VALUES
			(50,'29215-670','ES','Guarapari','Pontal de Santa Mônica','Rua','Rua das Fragatas',1450,'',1),
			(49,'59122-498','RN','Natal','Redinha','Travessa','Travessa Construtor Severino Bezerra',839,'',2),
			(48,'59076-665','RN','Natal','Lagoa Nova','Travessa','Travessa Ministro Macedo Soares',526,'',3),
			(47,'40315-360','BA','Salvador','Pau Miúdo','Rua','Rua Madalena Paraguassu',5173,'',4),
			(46,'69311-054','RR','Boa Vista','Cauamé','Rua','Rua França',5959,'',5),
			(45,'71827-610','DF','Brasília','Riacho Fundo I','Chácara','Chácara 17',7578,'(Colônia Agrícola Sucupira)',6),
			(44,'21831-335','RJ','Rio de Janeiro','Senador Camará','Rua','Rua Mário da Fonseca',2797,'',7),
			(43,'49065-050','SE','Aracaju','Industrial','Rua','Rua Altamira',2526,'',8),
			(42,'59074-774','RN','Natal','Guarapes','Rua','Rua Maria Eugênia do Rosário',4346,'',9),
			(41,'69015-455','AM','Manaus','Colônia Terra Nova','Rua','Rua Timbaúba',8024,'',10),
			(40,'69316-318','RR','Boa Vista','Operário','Rua','Rua OP-XXXI',6297,'',11),
			(39,'57602-380','AL','Palmeira dos Índios','São Francisco','Rua','Rua Doutor Miguel Lopes',7698,'',12),
			(38,'64065-160','PI','Teresina','Pedra Mole','Rua','Rua Cancão',5464,'(Vl Avião)',13),
			(37,'74924-060','GO','Aparecida de Goiânia','Vale do Sol','Rua','Rua 6',7265,'',14),
			(36,'91420-410','RS','Porto Alegre','Bom Jesus','Rua','Rua Doutor Sinval Saldanha',9715,'',15),
			(35,'40230-091','BA','Salvador','Federação','Rua','Rua Garibaldi',3223,'',16),
			(34,'49088-416','SE','Aracaju','Lamarão','Rua','Rua E',7291,'(Jd Lamarão)',17),
			(33,'58046-070','PB','João Pessoa','Altiplano Cabo Branco','Rua','Rua Olívia de Farias Gabino',3243,'',18),
			(32,'76804-212','RO','Porto Velho','Santa Bárbara','Rua','Rua Bolívia',7052,'de 497/498 a 820/821',19),
			(31,'78558-424','MT','Sinop','Loteamento Alto da Glória','Rua','Rua Cinco',6990,'',20)
		
INSERT INTO PRODUTO
	VALUES	(1, 100.00, 60.00, 'Whey protein'),
			(2, 110.00, 70.00, 'Creatina'),
			(3, 160.00, 90.00, 'Albumina'),
			(4, 40.00, 10.00, 'BCAA'),
			(5, 30.00, 15.00, 'Arginina'),
			(6, 50.00, 20.00, 'Glutamina'),
			(7, 100.00, 60.00,'Hiper-calórico'),
			(8, 30.00, 10.00,'Multivitamínico'),
			(9, 80.00, 50.00,'Soy protein'),
			(10, 75.00, 40.00, 'Rice protein'),
			(11, 60.00, 25.00, 'Beta alanina'),
			(12, 45.00, 20.00, 'Pré-treino');

INSERT INTO PEDIDO
	VALUES	(1,'2022-11-10','PIX','256.246.196-56'),
			(2,'2022-11-11','TED','387.260.653-66'),
			(3,'2022-11-13','Crédito','341.800.533-16'),
			(4,'2022-11-14','Débito','616.465.372-62'),
			(5,'2022-11-15','PIX','145.545.574-40'),
			(6,'2022-11-16','Crédito','264.420.503-85'),
			(7,'2022-11-17','Débito','472.697.785-21'),
			(8,'2022-11-18','PIX','933.357.944-64'),
			(9,'2022-11-19','PIX','592.209.662-96'),
			(10,'2022-11-20','Crédito','974.110.148-58'),
			(11,'2022-11-21','Débito','549.237.391-40'),
			(12,'2022-11-22','PIX','746.377.895-84'),
			(13,'2022-11-22','TED','222.340.906-86'),
			(14,'2022-11-23','Crédio','637.848.285-67'),
			(15,'2022-11-23','Débito','278.838.638-84'),
			(16,'2022-11-24','PIX','736.132.272-58'),
			(17,'2022-11-25','TED','793.647.813-75'),
			(18,'2022-11-26','Crédito','743.499.757-57'),
			(19,'2022-11-27','Débito','916.452.771-46'),
			(20,'2022-11-27','PIX','180.229.191-29'),
			(21,'2022-11-28','Crédito','180.229.191-29'),
			(23,'2022-11-28','Crédito','180.229.191-29'),
			(22,'2022-11-26','Crédito','743.499.757-57'),
			(24,'2022-11-28','Crédito','180.229.191-29'),
			(25,'2022-11-28','Crédito','180.229.191-29'),
			(26,'2022-11-28','Crédito','180.229.191-29'),
			(27,'2022-11-29','Débito','916.452.771-46'),
			(28,'2022-11-29','Débito','916.452.771-46'),
			(29,'2022-11-29','Débito','916.452.771-46'),
			(30,'2022-11-30','PIX','916.452.771-46');

INSERT INTO CONTEM
	VALUES	(1,1,10),
			(2,2,2),
			(3,1,2),
			(4,3,5),
			(5,4,1),
			(6,5,3),
			(7,6,4),
			(8,7,7),
			(9,8,12),
			(10,9,1),
			(11,10,3),
			(12,11,2),
			(13,12,12),
			(14,1,1),
			(15,2,3),
			(16,4,2),
			(17,9,10),
			(18,12,8),
			(19,2,1),
			(20,6,2),
			(21,7,3),
			(22,8,4),
			(23,11,6),
			(24,4,6),
			(25,12,2),
			(26,2,3),
			(27,11,3),
			(28,5,2),
			(29,8,2),
			(30,12,3);
			
INSERT INTO VEICULO
	VALUES	('MTY-0049','Moto','Honda CG 160 Start'),
			('MPS-9854','Moto','Honda CG 160 Fan'),
			('WPS-9854','Moto','Honda CG 160 Titan'),
			('MPS-5343','Moto','Honda CG 160 Cargo'),
			('WGS-9424','Moto','Honda Pop 110i'),
			('GFS-4324','Moto','Honda Forza 350'),
			('GSR-3422','Moto','Honda Biz 125'),
			('KLM-9534','Moto','Honda CB 250F Twister'),
			('FAM-9344','Moto','Honda CB 500F'),
			('LAL-4254','Moto','Honda X-ADV'),
			('GSE-9854','Carro','Volkswagen Gol Power'),
			('KNN-3421','Carro','Volkswagen Polo Comfortline'),
			('FAF-4421','Carro','Peugeot 206 Caline 2007'),
			('GFS-4664','Carro','Volkswagen Kombi 2010'),
			('LKL-3527','Caminhão','Mercedes-benz L1113 1977');

INSERT INTO UTILIZA (FK_VEICULO_placa, FK_PESSOA_FISICA_cpf)
	VALUES	('MTY-0049','180.229.191-29'),
			('MPS-9854','953.865.179-82'),
			('WPS-9854','938.908.595-13'),
			('MPS-5343','768.858.391-15'),
			('WGS-9424','453.852.368-24'),
			('GFS-4324','221.987.844-15'),
			('GSR-3422','753.233.231-51'),
			('KLM-9534','616.330.360-37'),
			('FAM-9344','917.215.268-63'),
			('LAL-4254','898.403.489-15'),
			('GSE-9854','202.673.164-74'),
			('KNN-3421','772.397.762-95'),
			('FAF-4421','182.674.792-33'),
			('LKL-3527','859.331.771-74'),
			('GFS-4664','295.497.333-91');	
			
INSERT INTO FORNECE
	VALUES	(1,'49.298.713/0001-72'),
			(2,'49.298.713/0001-72'),
			(3,'00.135.210/0001-97'),
			(4,'00.135.210/0001-97'),
			(5,'67.688.971/0001-47'),
			(6,'67.688.971/0001-47'),
			(7,'67.688.971/0001-47'),
			(8,'54.863.192/0001-99'),
			(9,'63.157.069/0001-43'),
			(10,'67.179.100/0001-06'),
			(11,'67.179.100/0001-06'),
			(12,'63.157.069/0001-43');
			
INSERT INTO RESERVA (FK_PEDIDO_codigo, FK_PESSOA_FISICA_cpf)
	VALUES	(1,'953.865.179-82'),
			(2,'938.908.595-13'),
			(3,'768.858.391-15'),
			(4,'453.852.368-24'),
			(5,'221.987.844-15'),
			(6,'753.233.231-51'),
			(7,'616.330.360-37'),
			(8,'917.215.268-63'),
			(9,'898.403.489-15'),
			(10,'202.673.164-74'),
			(11,'772.397.762-95'),
			(12,'953.865.179-82'),
			(13,'938.908.595-13'),
			(14,'768.858.391-15'),
			(15,'453.852.368-24'),
			(16,'221.987.844-15'),
			(17,'753.233.231-51'),
			(18,'616.330.360-37'),
			(19,'917.215.268-63'),
			(20,'898.403.489-15'),
			(21,'202.673.164-74'),
			(22,'772.397.762-95'),
			(23,'938.908.595-13'),
			(24,'768.858.391-15'),
			(25,'453.852.368-24'),
			(26,'221.987.844-15'),
			(27,'753.233.231-51'),
			(28,'616.330.360-37'),
			(29,'917.215.268-63'),
			(30,'898.403.489-15');
